Šª†,ƒ‚ƒfƒ‹,URL,”­”„“ú,G–¼,ƒUƒbƒV–¼,”N,Œ
2021”N 3/17†,NEWS,https://www.magazine-data.com/page/20210310anan.html,2021”N3Œ10“ú,anEan,ƒAƒ“ƒAƒ“,2021,3
2021”N 3/10†,‹e’r •—–,https://www.magazine-data.com/page/20210303anan.html,2021”N3Œ3“ú,anEan,ƒAƒ“ƒAƒ“,2021,3
2021”N 3/3†,“úŒüâ46,https://www.magazine-data.com/page/20210224anan.html,2021”N2Œ24“ú,anEan,ƒAƒ“ƒAƒ“,2021,2
2021”N 2/24†,Šâ“c „“TEV“c ^Œ•—C,https://www.magazine-data.com/page/20210217anan.html,2021”N2Œ17“ú,anEan,ƒAƒ“ƒAƒ“,2021,2
2021”N 2/17†,¼‘º –k“l,https://www.magazine-data.com/page/20210210anan.html,2021”N2Œ10“ú,anEan,ƒAƒ“ƒAƒ“,2021,2
2021”N 2/10†,‹ÊX —T‘¾,https://www.magazine-data.com/page/20210203anan.html,2021”N2Œ3“ú,anEan,ƒAƒ“ƒAƒ“,2021,2
2021”N 2/3†,R‰º ”üŒ,https://www.magazine-data.com/page/20210127anan.html,2021”N1Œ27“ú,anEan,ƒAƒ“ƒAƒ“,2021,1
2021”N 1/27†,Snow Man,https://www.magazine-data.com/page/20210120anan.html,2021”N1Œ20“ú,anEan,ƒAƒ“ƒAƒ“,2021,1
2021”N 1/20†,Hey! Say! JUMP,https://www.magazine-data.com/page/20210113anan.html,2021”N1Œ13“ú,anEan,ƒAƒ“ƒAƒ“,2021,1
2021”N 1/13†,SixTONES,https://www.magazine-data.com/page/20210106anan.html,2021”N1Œ6“ú,anEan,ƒAƒ“ƒAƒ“,2021,1
2021”N 1/6†,–Ø‘º ‘ñÆ,https://www.magazine-data.com/cover/anan.html,2020”N12Œ25“ú,anEan,ƒAƒ“ƒAƒ“,2020,12
2020”N 12/23†,—’,https://www.magazine-data.com/cover/anan.html,2020”N12Œ16“ú,anEan,ƒAƒ“ƒAƒ“,2020,12
2020”N 12/16†,ƒWƒFƒV[,https://www.magazine-data.com/cover/anan.html,2020”N12Œ9“ú,anEan,ƒAƒ“ƒAƒ“,2020,12
2020”N 12/9†,Snow Man,https://www.magazine-data.com/cover/anan.html,2020”N12Œ2“ú,anEan,ƒAƒ“ƒAƒ“,2020,12
2020”N 12/2†,”’Î –ƒˆß,https://www.magazine-data.com/cover/anan.html,2020”N11Œ25“ú,anEan,ƒAƒ“ƒAƒ“,2020,11
“Á•Ê•ÒW 2gether ‚Ì‚·‚×‚ÄB,Bright & Win,https://www.magazine-data.com/cover/anan.html,2020”N11Œ18“ú,anEan,ƒAƒ“ƒAƒ“,2020,11
2020”N 11/25†,¼–{ ‚Ü‚è‚©,https://www.magazine-data.com/cover/anan.html,2020”N11Œ18“ú,anEan,ƒAƒ“ƒAƒ“,2020,11
2020”N 11/18†,SixTONES,https://www.magazine-data.com/cover/anan.html,2020”N11Œ11“ú,anEan,ƒAƒ“ƒAƒ“,2020,11
2020”N 11/11†,”T–Øâ46,https://www.magazine-data.com/cover/anan.html,2020”N11Œ4“ú,anEan,ƒAƒ“ƒAƒ“,2020,11
2020”N 11/4†,‰¡•l —¬¯,https://www.magazine-data.com/cover/anan.html,2020”N10Œ28“ú,anEan,ƒAƒ“ƒAƒ“,2020,10
2020”N 10/28†,‹S–Å‚Ìn,https://www.magazine-data.com/cover/anan.html,2020”N10Œ21“ú,anEan,ƒAƒ“ƒAƒ“,2020,10
2020”N 10/21†,Sexy Zone,https://www.magazine-data.com/cover/anan.html,2020”N10Œ14“ú,anEan,ƒAƒ“ƒAƒ“,2020,10
2020”N 10/14†,Snow Man,https://www.magazine-data.com/cover/anan.html,2020”N10Œ7“ú,anEan,ƒAƒ“ƒAƒ“,2020,10
2020”N 10/7†,“ñ‹{ ˜a–ç,https://www.magazine-data.com/cover/anan.html,2020”N9Œ30“ú,anEan,ƒAƒ“ƒAƒ“,2020,9
2020”N 9/30†,V6,https://www.magazine-data.com/cover/anan.html,2020”N9Œ23“ú,anEan,ƒAƒ“ƒAƒ“,2020,9
2020”N 9/23†,“c’† Œ\ER“c —Á‰î,https://www.magazine-data.com/cover/anan.html,2020”N9Œ16“ú,anEan,ƒAƒ“ƒAƒ“,2020,9
2020”N 9/16†,O‹g Ê‰Ô,https://www.magazine-data.com/cover/anan.html,2020”N9Œ9“ú,anEan,ƒAƒ“ƒAƒ“,2020,9
2020”N 9/9†,²X–Ø Šó,https://www.magazine-data.com/cover/anan.html,2020”N9Œ2“ú,anEan,ƒAƒ“ƒAƒ“,2020,9
2020”N 9/2†,JO1,https://www.magazine-data.com/cover/anan.html,2020”N8Œ26“ú,anEan,ƒAƒ“ƒAƒ“,2020,8
2020”N 8/26†,“n•Ó ãÄ‘¾,https://www.magazine-data.com/cover/anan.html,2020”N8Œ19“ú,anEan,ƒAƒ“ƒAƒ“,2020,8
2020”N 8/19†,R“c —Á‰î,https://www.magazine-data.com/cover/anan.html,2020”N8Œ5“ú,anEan,ƒAƒ“ƒAƒ“,2020,8
2020”N 8/5†,‰i£ —õ,https://www.magazine-data.com/cover/anan.html,2020”N7Œ29“ú,anEan,ƒAƒ“ƒAƒ“,2020,7
2020”N 7/29†,SixTONES,https://www.magazine-data.com/cover/anan.html,2020”N7Œ22“ú,anEan,ƒAƒ“ƒAƒ“,2020,7
2020”N 7/22†,R‰º ’q‹v,https://www.magazine-data.com/cover/anan.html,2020”N7Œ15“ú,anEan,ƒAƒ“ƒAƒ“,2020,7
2020”N 7/15†,‘“ã ‘fq,https://www.magazine-data.com/cover/anan.html,2020”N7Œ8“ú,anEan,ƒAƒ“ƒAƒ“,2020,7
2020”N 7/8†,Hey! Say! JUMP,https://www.magazine-data.com/cover/anan.html,2020”N7Œ1“ú,anEan,ƒAƒ“ƒAƒ“,2020,7
2020”N 7/1†,‘“c ‹M‹v,https://www.magazine-data.com/cover/anan.html,2020”N6Œ24“ú,anEan,ƒAƒ“ƒAƒ“,2020,6
2020”N 6/24†,V–Ø —Dq,https://www.magazine-data.com/cover/anan.html,2020”N6Œ17“ú,anEan,ƒAƒ“ƒAƒ“,2020,6
2020”N 6/17† ‘Š§,King & Prince,https://www.magazine-data.com/cover/anan.html,2020”N6Œ10“ú,anEan,ƒAƒ“ƒAƒ“,2020,6
2020”N 6/10†,JO1,https://www.magazine-data.com/cover/anan.html,2020”N6Œ3“ú,anEan,ƒAƒ“ƒAƒ“,2020,6
2020”N 6/3†,‘å‘q ’‰‹`E¬“c —½,https://www.magazine-data.com/cover/anan.html,2020”N5Œ27“ú,anEan,ƒAƒ“ƒAƒ“,2020,5
2020”N 5/27†,–]ŠC •—“l,https://www.magazine-data.com/cover/anan.html,2020”N5Œ20“ú,anEan,ƒAƒ“ƒAƒ“,2020,5
2020”N 5/20†,¯–ì Œ¹Eˆ»–ì „,https://www.magazine-data.com/cover/anan.html,2020”N5Œ13“ú,anEan,ƒAƒ“ƒAƒ“,2020,5
2020”N 5/13†,Travis Japan,https://www.magazine-data.com/cover/anan.html,2020”N5Œ7“ú,anEan,ƒAƒ“ƒAƒ“,2020,5
2020”N 4/29E5/6 ‡•¹†,‹T—œ ˜a–çER‰º ’q‹v,https://www.magazine-data.com/cover/anan.html,2020”N4Œ22“ú,anEan,ƒAƒ“ƒAƒ“,2020,4
2020”N 4/22†,–Ø‘º ‘ñÆ,https://www.magazine-data.com/cover/anan.html,2020”N4Œ15“ú,anEan,ƒAƒ“ƒAƒ“,2020,4
2020”N 4/15†,Rí• Œ«l,https://www.magazine-data.com/cover/anan.html,2020”N4Œ8“ú,anEan,ƒAƒ“ƒAƒ“,2020,4
2020”N 4/8†,’†“‡ Œ’lE•½–ì ‡—s,https://www.magazine-data.com/cover/anan.html,2020”N4Œ1“ú,anEan,ƒAƒ“ƒAƒ“,2020,4
2020”N 4/1†,Kis-My-Ft2,https://www.magazine-data.com/cover/anan.html,2020”N3Œ25“ú,anEan,ƒAƒ“ƒAƒ“,2020,3
2020”N 3/25†,ƒWƒƒƒj[ƒY WEST,https://www.magazine-data.com/cover/anan.html,2020”N3Œ18“ú,anEan,ƒAƒ“ƒAƒ“,2020,3
2020”N 3/18†,‰H¶ Œ‹Œ·,https://www.magazine-data.com/cover/anan.html,2020”N3Œ11“ú,anEan,ƒAƒ“ƒAƒ“,2020,3
2020”N 3/11†,King & Prince,https://www.magazine-data.com/cover/anan.html,2020”N3Œ4“ú,anEan,ƒAƒ“ƒAƒ“,2020,3
2020”N “Á•Ê†,King & Prince,https://www.magazine-data.com/cover/anan.html,2020”N3Œ4“ú,anEan,ƒAƒ“ƒAƒ“,2020,3
2020”N 3/4†,‹g‘ò —ºEL£ ‚·‚¸,https://www.magazine-data.com/cover/anan.html,2020”N2Œ26“ú,anEan,ƒAƒ“ƒAƒ“,2020,2
2020”N 2/26†,’|“à —Á^,https://www.magazine-data.com/cover/anan.html,2020”N2Œ19“ú,anEan,ƒAƒ“ƒAƒ“,2020,2
2020”N 2/19†,O‘ã–Ú J SOUL BROTHERS,https://www.magazine-data.com/cover/anan.html,2020”N2Œ12“ú,anEan,ƒAƒ“ƒAƒ“,2020,2
2020”N 2/12†,SEVENTEEN,https://www.magazine-data.com/cover/anan.html,2020”N2Œ5“ú,anEan,ƒAƒ“ƒAƒ“,2020,2
2020”N 2/5†,Sexy Zone,https://www.magazine-data.com/cover/anan.html,2020”N1Œ29“ú,anEan,ƒAƒ“ƒAƒ“,2020,1
2020”N 1/29†,SixTONESESnow Man,https://www.magazine-data.com/cover/anan.html,2020”N1Œ22“ú,anEan,ƒAƒ“ƒAƒ“,2020,1
2020”N 1/22†,R“c —Á‰îE’†“‡ —TãÄ,https://www.magazine-data.com/cover/anan.html,2020”N1Œ15“ú,anEan,ƒAƒ“ƒAƒ“,2020,1
2020”N 1/15†,Snow Man,https://www.magazine-data.com/cover/anan.html,2020”N1Œ8“ú,anEan,ƒAƒ“ƒAƒ“,2020,1
2020”N 1/1] 1/8 ‡•¹†,—’,https://www.magazine-data.com/cover/anan.html,2019”N12Œ25“ú,anEan,ƒAƒ“ƒAƒ“,2019,12
2019”N 12/18†,SixTONES,https://www.magazine-data.com/cover/anan.html,2019”N12Œ11“ú,anEan,ƒAƒ“ƒAƒ“,2019,12
2019”N 12/11†,ŸOâ46,https://www.magazine-data.com/cover/anan.html,2019”N12Œ4“ú,anEan,ƒAƒ“ƒAƒ“,2019,12
2019”N 12/4†,ŠÖƒWƒƒƒj,https://www.magazine-data.com/cover/anan.html,2019”N11Œ27“ú,anEan,ƒAƒ“ƒAƒ“,2019,11
2019”N 11/20†,Šİ —D‘¾,https://www.magazine-data.com/cover/anan.html,2019”N11Œ13“ú,anEan,ƒAƒ“ƒAƒ“,2019,11
2019”N 11/13†,¡s —²“ñ,https://www.magazine-data.com/cover/anan.html,2019”N11Œ6“ú,anEan,ƒAƒ“ƒAƒ“,2019,11
2019”N 11/6†,²“¡ Ÿ—˜Eîà‹´ ŠCl,https://www.magazine-data.com/cover/anan.html,2019”N10Œ30“ú,anEan,ƒAƒ“ƒAƒ“,2019,10
2019”N 10/30†,–kR GŒõ,https://www.magazine-data.com/cover/anan.html,2019”N10Œ23“ú,anEan,ƒAƒ“ƒAƒ“,2019,10
2019”N 10/23†,ƒeƒ~ƒ“,https://www.magazine-data.com/cover/anan.html,2019”N10Œ16“ú,anEan,ƒAƒ“ƒAƒ“,2019,10
2019”N 10/16†,–Ø‘º ‘ñÆ,https://www.magazine-data.com/cover/anan.html,2019”N10Œ9“ú,anEan,ƒAƒ“ƒAƒ“,2019,10
2019”N 10/2†,”T–Øâ46,https://www.magazine-data.com/cover/anan.html,2019”N9Œ25“ú,anEan,ƒAƒ“ƒAƒ“,2019,9
2019”N 9/25†,Perfume,https://www.magazine-data.com/cover/anan.html,2019”N9Œ18“ú,anEan,ƒAƒ“ƒAƒ“,2019,9
2019”N 9/18†,”nê ‚Ó‚İ‚©,https://www.magazine-data.com/cover/anan.html,2019”N9Œ11“ú,anEan,ƒAƒ“ƒAƒ“,2019,9
2019”N 9/11†,•½–ì ‡—s,https://www.magazine-data.com/cover/anan.html,2019”N9Œ4“ú,anEan,ƒAƒ“ƒAƒ“,2019,9
2019”N 9/4†,’†“‡ Œ’lE‹e’r •—–,https://www.magazine-data.com/cover/anan.html,2019”N8Œ28“ú,anEan,ƒAƒ“ƒAƒ“,2019,8
2019”N 8/28†,¯–ì Œ¹,https://www.magazine-data.com/cover/anan.html,2019”N8Œ21“ú,anEan,ƒAƒ“ƒAƒ“,2019,8
2019”N 8/21†,“c’† Œ\,https://www.magazine-data.com/cover/anan.html,2019”N8Œ7“ú,anEan,ƒAƒ“ƒAƒ“,2019,8
2019”N 7/31†,R“c —Á‰î,https://www.magazine-data.com/cover/anan.html,2019”N7Œ24“ú,anEan,ƒAƒ“ƒAƒ“,2019,7
2019”N 7/24†,”’Î –ƒˆß,https://www.magazine-data.com/cover/anan.html,2019”N7Œ17“ú,anEan,ƒAƒ“ƒAƒ“,2019,7
2019”N 7/17†,¼–{ ,https://www.magazine-data.com/cover/anan.html,2019”N7Œ10“ú,anEan,ƒAƒ“ƒAƒ“,2019,7
2019”N 7/10†,BTS,https://www.magazine-data.com/cover/anan.html,2019”N7Œ3“ú,anEan,ƒAƒ“ƒAƒ“,2019,7
2019”N 7/3†,Snow Man,https://www.magazine-data.com/cover/anan.html,2019”N6Œ26“ú,anEan,ƒAƒ“ƒAƒ“,2019,6
2019”N 6/26†,King & Prince,https://www.magazine-data.com/cover/anan.html,2019”N6Œ19“ú,anEan,ƒAƒ“ƒAƒ“,2019,6
2019”N 6/12†,‰¡•l —¬¯,https://www.magazine-data.com/cover/anan.html,2019”N6Œ5“ú,anEan,ƒAƒ“ƒAƒ“,2019,6
2019”N 6/5†,SEVENTEEN,https://www.magazine-data.com/cover/anan.html,2019”N5Œ29“ú,anEan,ƒAƒ“ƒAƒ“,2019,5
2019”N 5/29†,‰ª“c yˆê,https://www.magazine-data.com/cover/anan.html,2019”N5Œ22“ú,anEan,ƒAƒ“ƒAƒ“,2019,5
2019”N 5/22†,Hey! Say! JUMP,https://www.magazine-data.com/cover/anan.html,2019”N5Œ15“ú,anEan,ƒAƒ“ƒAƒ“,2019,5
SPECIAL ŠJ‰^ƒŒƒbƒXƒ“,“n•Ó ’¼”ü,https://www.magazine-data.com/cover/anan.html,2019”N5Œ11“ú,anEan,ƒAƒ“ƒAƒ“,2019,5
2019”N 5/8†,‰FŠ_ ”ü—¢,https://www.magazine-data.com/cover/anan.html,2019”N4Œ24“ú,anEan,ƒAƒ“ƒAƒ“,2019,4
2019”N 4/24†,ƒWƒƒƒj[ƒY WEST,https://www.magazine-data.com/cover/anan.html,2019”N4Œ17“ú,anEan,ƒAƒ“ƒAƒ“,2019,4
2019”N 4/17†,R‰º ’q‹v,https://www.magazine-data.com/cover/anan.html,2019”N4Œ10“ú,anEan,ƒAƒ“ƒAƒ“,2019,4
2019”N 4/3†,SixTONES,https://www.magazine-data.com/cover/anan.html,2019”N3Œ27“ú,anEan,ƒAƒ“ƒAƒ“,2019,3
2019”N 3/27†,‹g‘ò —º,https://www.magazine-data.com/cover/anan.html,2019”N3Œ20“ú,anEan,ƒAƒ“ƒAƒ“,2019,3
2019”N 3/20†,King & Prince,https://www.magazine-data.com/cover/anan.html,2019”N3Œ13“ú,anEan,ƒAƒ“ƒAƒ“,2019,3
2019”N 3/13†,ƒTƒUƒ“ƒI[ƒ‹ƒXƒ^[ƒY,https://www.magazine-data.com/cover/anan.html,2019”N3Œ6“ú,anEan,ƒAƒ“ƒAƒ“,2019,3
2019”N 3/6†,‘“c ‹M‹v,https://www.magazine-data.com/cover/anan.html,2019”N2Œ27“ú,anEan,ƒAƒ“ƒAƒ“,2019,2
2019”N 2/27†,KAT-TUN,https://www.magazine-data.com/cover/anan.html,2019”N2Œ20“ú,anEan,ƒAƒ“ƒAƒ“,2019,2
2019”N 2/20†,‚–Ø —Y–ç,https://www.magazine-data.com/cover/anan.html,2019”N2Œ13“ú,anEan,ƒAƒ“ƒAƒ“,2019,2
2019”N 2/13†,“oâ Lb,https://www.magazine-data.com/cover/anan.html,2019”N2Œ6“ú,anEan,ƒAƒ“ƒAƒ“,2019,2
